Session Start,Student Name,Student ID,Session Duration (min),Distraction Count,Max Distraction Duration (sec),Average Distraction Duration (sec),Blink Rate (/min),Yawns Detected,Eye Closure Duration (avg sec),Head Pose Drift,Focus Score (%),Distraction Events,Posture Change Count,Emotion Detected,Room Lighting,Noise Detected,Alert Triggered,Feedback Given,Follow-up Required,Notes
2025-06-07 04:36:02.764376,Sai Shetty,STU1000,26,9,26,5.086504289746159,14,1,1.4898766283767064,3.940757142118289,72.68577454846013,Looking Away,6,Tired,Good,No,Yes,No,Yes,Observed drop in focus
2025-06-07 04:21:02.764376,Siya Bajaj,STU1001,47,6,43,23.44930027831705,11,3,1.2119806177556345,12.681281132982576,64.80670352378083,Phone,0,Sad,Bright,No,No,No,No,Needs follow-up
2025-06-07 04:06:02.764376,Nivaan Chitale,STU1002,52,10,50,12.458910829986134,20,4,2.1835350685516226,12.529667268297016,59.81078137376302,Looking Away,4,Neutral,Good,No,No,Yes,No,Stable session
2025-06-07 03:51:02.764376,Divya Dalal,STU1003,22,0,39,20.662786893086704,19,3,2.663819897070736,3.5279349599201595,74.55828096079841,Sleeping,7,Angry,Bright,No,No,No,Yes,Needs follow-up
2025-06-07 03:36:02.764376,Kabir Chatterjee,STU1004,75,5,27,16.09009563199249,28,0,0.7808726809805498,1.825067730262902,66.39960914843502,None,1,Angry,Bright,No,No,No,Yes,Needs follow-up
2025-06-07 03:21:02.764376,Neha Desai,STU1005,42,7,17,16.853370645165928,18,4,1.948290321149069,2.529045745246595,97.436901364712,Looking Away,8,Happy,Dim,No,Yes,Yes,Yes,Needs follow-up
2025-06-07 03:06:02.764376,Aryan Seth,STU1006,82,10,32,18.097882999887524,16,2,1.142959033483321,1.0970817069271517,66.7510253665738,Talking,8,Happy,Bright,Yes,Yes,Yes,No,Stable session
2025-06-07 02:51:02.764376,Dhriti Ghosh,STU1007,34,6,41,24.615182098033348,17,5,1.04737638551485,1.3137553194739064,96.59234456048377,None,4,Happy,Good,No,Yes,No,Yes,Stable session
2025-06-07 02:36:02.764376,Bhavya Bajaj,STU1008,27,9,56,18.293947051203936,12,4,2.5383085879863705,8.021009305941798,98.30205326712542,Phone,10,Sad,Good,No,No,Yes,No,Observed drop in focus
2025-06-07 02:21:02.764376,Inaaya Kapoor,STU1009,68,7,35,17.739239671144514,16,2,0.8352033920513193,7.26111593651925,60.05165493197661,Looking Away,8,Sad,Good,Yes,No,Yes,Yes,Needs follow-up
2025-06-07 02:06:02.764376,Vihaan Roy,STU1010,71,1,23,12.69125702127699,27,4,1.4772195795481835,9.003295733775726,88.87058673424744,Talking,4,Neutral,Dim,Yes,No,Yes,No,Observed drop in focus
2025-06-07 01:51:02.764376,Dhriti Grover,STU1011,22,5,13,7.120273240223397,20,0,2.055747656660509,13.37762621089215,80.09971126906439,None,5,Angry,Good,No,Yes,No,Yes,
2025-06-07 01:36:02.764376,Aanya Sekhon,STU1012,37,10,39,5.556473740193433,28,5,1.4933464091108393,2.744072745460924,88.57284539848177,Talking,3,Sad,Dim,Yes,Yes,Yes,No,Stable session
2025-06-07 01:21:02.764376,Tanmay Rangnekar,STU1013,56,5,53,15.173428430441062,14,0,2.987053369402556,3.074059846523556,50.58034083973046,Talking,10,Sad,Dim,Yes,No,No,No,Observed drop in focus
2025-06-07 01:06:02.764376,Trisha Rao,STU1014,89,9,38,21.49697685271087,14,1,2.080119210890351,3.9124926593664746,91.6899569547782,None,9,Angry,Dim,No,Yes,No,No,Stable session
2025-06-07 00:51:02.764376,Mira Khanna,STU1015,86,2,55,22.525765616326908,17,4,1.6677803590853122,4.3214666759799965,53.40327820676873,Looking Away,4,Tired,Good,No,No,No,Yes,Stable session
2025-06-07 00:36:02.764376,Aryan Bhattacharya,STU1016,81,9,52,24.610840663415598,18,1,1.7698198000328131,0.5254324547462119,75.25880758782921,Looking Away,9,Sad,Bright,Yes,No,No,Yes,Stable session
2025-06-07 00:21:02.764376,Vivaan Bhat,STU1017,84,4,17,7.426840746049397,24,4,2.952745318045809,14.771844973858594,96.7118612309547,Talking,1,Neutral,Dim,Yes,Yes,Yes,Yes,Needs follow-up
2025-06-07 00:06:02.764376,Neha Jadhav,STU1018,81,4,58,6.084559846735275,28,4,2.151470036860962,8.611172844481422,60.16975508153914,Looking Away,5,Sad,Bright,No,Yes,No,Yes,Needs follow-up
2025-06-06 23:51:02.764376,Jay Motwani,STU1019,68,5,17,16.609534541196375,27,3,2.580426261356326,12.902746119125633,69.8735795574912,Sleeping,1,Happy,Dim,Yes,Yes,Yes,No,Observed drop in focus
2025-06-06 23:36:02.764376,Pranav Reddy,STU1020,30,5,7,21.62676806726798,26,1,2.7769280009178106,7.94892200021426,51.888592463328486,Sleeping,6,Neutral,Dim,Yes,No,Yes,Yes,Observed drop in focus
2025-06-06 23:21:02.764376,Priya Pandey,STU1021,31,6,57,18.50802796354855,26,4,1.6574799060057628,8.869286313904448,91.22683788460112,None,3,Happy,Bright,Yes,Yes,No,No,Needs follow-up
2025-06-06 23:06:02.764376,Rohan Pandey,STU1022,31,9,32,9.865492479177668,10,5,0.7689624158127542,2.165888095235548,60.47308049575774,Phone,2,Happy,Good,Yes,No,Yes,No,Observed drop in focus
2025-06-06 22:51:02.764376,Shruti Bhave,STU1023,77,1,32,14.723727637658016,20,5,2.0058454141947637,0.0874021921292861,54.10900622103725,Sleeping,0,Neutral,Good,Yes,No,No,Yes,Needs follow-up
2025-06-06 22:36:02.764376,Navya Pandey,STU1024,26,6,17,22.867989399450952,21,5,0.6559934193495022,11.128460201213615,70.48340730630963,Phone,1,Neutral,Good,No,No,No,No,
2025-06-06 22:21:02.764376,Tanish Mishra,STU1025,86,8,39,14.087517898308988,22,2,2.254326527021409,7.385385033500384,64.0747404323156,Phone,3,Tired,Dim,No,Yes,Yes,No,Stable session
2025-06-06 22:06:02.764376,Ishaan Desai,STU1026,40,7,32,25.64347306546324,12,2,1.8347901644177675,5.512579883522783,65.5543912621383,None,6,Angry,Bright,No,No,Yes,No,Needs follow-up
2025-06-06 21:51:02.764376,Juhi Karandikar,STU1027,23,3,20,28.44435735018245,25,4,0.2306303910080435,4.605947213499691,85.45302907578656,Looking Away,0,Angry,Bright,Yes,No,Yes,Yes,Observed drop in focus
2025-06-06 21:36:02.764376,Rehan Bhat,STU1028,42,0,7,10.280299375457808,30,5,0.8001533056161889,10.133742261205304,53.634227081214014,Talking,7,Happy,Dim,No,No,Yes,Yes,Stable session
2025-06-06 21:21:02.764376,Aarav Joshi,STU1029,54,10,51,28.88093585223558,18,0,1.4067252384789914,13.047154291774124,93.22951846567705,Talking,3,Angry,Bright,No,No,Yes,No,
2025-06-06 21:06:02.764376,Tanish Bhalla,STU1030,50,5,39,21.15359261326271,13,4,2.2391027793086336,11.69167211264272,91.5139319862518,Talking,9,Sad,Bright,Yes,No,No,No,Observed drop in focus
2025-06-06 20:51:02.764376,Ayaan Saxena,STU1031,26,3,16,11.913289725650465,22,2,0.4446703010844918,14.735041311193516,52.081798463176845,Phone,9,Sad,Good,Yes,Yes,No,No,Needs follow-up
2025-06-06 20:36:02.764376,Ishaan Shetty,STU1032,86,0,37,12.264179621580691,24,0,1.8307316383314327,10.061549290122024,67.5814515146347,Sleeping,1,Happy,Bright,Yes,No,No,No,Needs follow-up
2025-06-06 20:21:02.764376,Sai Joshipura,STU1033,76,3,46,23.57007089117036,11,1,1.557823756123032,9.705392155487742,61.673232064562015,None,8,Happy,Dim,No,Yes,No,Yes,Stable session
2025-06-06 20:06:02.764376,Manav Malhotra,STU1034,71,5,34,13.957420282370135,13,3,2.8123300322243705,12.41375428914194,88.23782970213125,Talking,3,Tired,Bright,No,Yes,No,No,Stable session
2025-06-06 19:51:02.764376,Vihaan Mehta,STU1035,31,1,13,6.443581436798944,26,1,1.591311378320997,0.4212995210088605,88.7561453161025,None,1,Tired,Bright,No,No,No,No,
2025-06-06 19:36:02.764376,Advik Mishra,STU1036,26,8,13,27.53622452278023,21,3,0.1627692379305523,1.721714624111107,96.2621999858704,Phone,4,Neutral,Good,Yes,Yes,No,No,
2025-06-06 19:21:02.764376,Neil Zaveri,STU1037,83,3,59,14.583924422276318,29,5,0.5066783761944963,10.87626003862007,53.65263360108039,Phone,3,Neutral,Good,No,Yes,Yes,No,Stable session
2025-06-06 19:06:02.764376,Kriti Dwivedi,STU1038,45,5,26,27.551513741677155,20,5,2.454683541150153,6.770056061611129,98.89012901537392,None,8,Happy,Bright,Yes,Yes,Yes,No,Stable session
2025-06-06 18:51:02.764376,Priya Thakur,STU1039,20,10,48,20.896318272237156,17,0,2.88094670745308,7.468561284052432,57.263154149972166,Sleeping,9,Angry,Dim,No,Yes,Yes,Yes,Observed drop in focus
2025-06-06 18:36:02.764376,Ishita Malhotra,STU1040,25,5,59,9.279665547883347,21,4,2.64942731312425,5.05150006895296,53.03494433845669,Looking Away,6,Sad,Good,No,No,No,No,Needs follow-up
2025-06-06 18:21:02.764376,Aisha Salunkhe,STU1041,78,3,24,18.57778753629535,18,5,2.9075670581173325,12.31628634402021,58.2027777172072,Sleeping,6,Happy,Bright,No,Yes,Yes,No,Needs follow-up
2025-06-06 18:06:02.764376,Harshit Pathak,STU1042,75,8,28,19.37932763382179,30,2,2.122044357005136,8.860198551887091,53.4927076783803,Sleeping,6,Tired,Good,No,No,No,Yes,Observed drop in focus
2025-06-06 17:51:02.764376,Avni Dwivedi,STU1043,80,9,33,7.733697126686077,11,5,0.9997570218719372,3.0600011685199204,81.4865628005435,Phone,2,Sad,Dim,No,Yes,No,Yes,Needs follow-up
2025-06-06 17:36:02.764376,Kabir Paul,STU1044,24,3,12,11.182388472578818,11,2,2.945396864435501,9.25021645000668,86.33325154194594,Phone,7,Sad,Good,Yes,Yes,Yes,No,Observed drop in focus
2025-06-06 17:21:02.764376,Simran Sodhi,STU1045,28,5,23,6.123870148803735,12,5,2.436074679303301,10.3077653338756,59.45054608645179,Talking,6,Angry,Bright,Yes,No,Yes,Yes,Stable session
2025-06-06 17:06:02.764376,Arnav Tripathi,STU1046,75,1,18,17.227436362214917,17,1,0.2728842414434924,7.115937288483744,75.45756230208649,None,4,Angry,Bright,No,Yes,Yes,No,Observed drop in focus
2025-06-06 16:51:02.764376,Aanya Gupta,STU1047,32,7,58,27.46975178749781,27,5,2.832700104510198,3.910024824093592,75.28763039518847,Sleeping,9,Tired,Bright,Yes,No,Yes,No,Observed drop in focus
2025-06-06 16:36:02.764376,Tanish Kumar,STU1048,82,0,60,11.919082314432131,16,0,1.7437411810607566,12.80684575658728,65.7089230196488,None,10,Happy,Good,Yes,Yes,Yes,Yes,Stable session
2025-06-06 16:21:02.764376,Ayaan Naidu,STU1049,49,9,38,6.457946316860337,13,2,2.7989301494751424,7.788471348759688,90.95048312426724,Talking,2,Sad,Good,Yes,No,Yes,No,Stable session
2025-06-06 16:06:02.764376,Varun Khatri,STU1050,74,2,55,18.65498809988563,21,1,2.771925497300107,13.89698319938454,91.59123795276189,Sleeping,3,Tired,Dim,Yes,Yes,No,Yes,
2025-06-06 15:51:02.764376,Laksh Zaveri,STU1051,51,3,35,17.66146600502296,28,4,1.677149988323648,0.1246335487325506,89.48395446189177,Phone,3,Happy,Good,No,Yes,No,No,Observed drop in focus
2025-06-06 15:36:02.764376,Ira Sodhi,STU1052,52,3,57,24.145217188969827,14,5,2.176473810178372,5.5779651910032015,74.87344024632114,Talking,6,Happy,Good,No,Yes,No,Yes,Observed drop in focus
2025-06-06 15:21:02.764376,Myra Chhabra,STU1053,73,4,17,21.605853912175192,29,2,2.2802821327650573,9.154800423937372,66.2811766646354,Looking Away,4,Neutral,Dim,Yes,Yes,Yes,No,Observed drop in focus
2025-06-06 15:06:02.764376,Anaya Reddy,STU1054,64,6,25,28.886367203921896,29,2,2.698885805869989,2.834911690133284,95.08181163235028,Looking Away,2,Angry,Dim,Yes,No,Yes,Yes,
2025-06-06 14:51:02.764376,Ishaan Pathak,STU1055,79,0,26,23.923056898305564,10,2,0.1652559944443236,8.356797175856292,74.5942523517944,None,7,Tired,Dim,No,Yes,No,No,Observed drop in focus
2025-06-06 14:36:02.764376,Advik Sharma,STU1056,41,3,34,25.446240144644573,23,5,2.3040816773569466,6.052840208300671,86.1787785168551,None,9,Tired,Good,No,Yes,No,Yes,Observed drop in focus
2025-06-06 14:21:02.764376,Shruti Chaudhary,STU1057,66,4,41,16.068565682849446,30,5,1.5451339380891889,0.8308050426135305,97.1173784177786,Phone,9,Angry,Dim,No,No,No,Yes,Needs follow-up
2025-06-06 14:06:02.764376,Ritika Chopra,STU1058,62,5,54,29.95547940083071,18,5,1.6916019543311045,14.6990760509081,71.08747780158828,Looking Away,10,Angry,Dim,Yes,No,No,Yes,Needs follow-up
2025-06-06 13:51:02.764376,Nandini Bhalla,STU1059,39,2,53,28.140678998261613,15,1,1.9153851699474045,4.342219432695623,90.98510528062684,Phone,10,Sad,Bright,Yes,No,No,Yes,Needs follow-up
2025-06-06 13:36:02.764376,Myra Nair,STU1060,73,0,24,11.021324472699638,29,3,1.774059975647453,12.96492507660719,71.39821221368695,None,5,Sad,Good,Yes,Yes,No,Yes,Observed drop in focus
2025-06-06 13:21:02.764376,Ritika Bansal,STU1061,80,4,47,28.252427854185235,13,4,2.4454077032417203,2.7754288062858685,80.44093465762444,Talking,10,Sad,Bright,Yes,Yes,Yes,Yes,Stable session
2025-06-06 13:06:02.764376,Raj Mathur,STU1062,36,4,28,20.850629033772872,11,0,2.8626059436227127,5.306427546693949,54.037403211031,Sleeping,0,Angry,Good,No,No,Yes,No,
2025-06-06 12:51:02.764376,Siddharth Salunkhe,STU1063,88,9,38,15.88268784929835,22,0,2.967837704573581,11.555281393520984,88.66596127361294,None,1,Tired,Dim,No,Yes,Yes,Yes,Needs follow-up
2025-06-06 12:36:02.764376,Sai Mishra,STU1064,54,5,7,18.10532663405275,22,4,0.3925992448297598,5.36611558913189,91.62836777058476,None,1,Angry,Good,No,No,Yes,Yes,Needs follow-up
2025-06-06 12:21:02.764376,Moksh Chandel,STU1065,71,5,54,11.29901049263634,24,2,0.6946467098769319,10.430825461164062,66.78176112085904,Looking Away,9,Angry,Good,No,Yes,Yes,No,Stable session
2025-06-06 12:06:02.764376,Tanish Jadhav,STU1066,28,7,50,9.46011309549781,12,5,1.0025053059220244,11.422656140046351,96.0472275892772,Phone,1,Neutral,Dim,Yes,Yes,No,Yes,Needs follow-up
2025-06-06 11:51:02.764376,Yug Gill,STU1067,85,0,23,21.957254317437314,27,0,0.8757177963476017,13.854235543819424,91.5536955190654,None,9,Happy,Dim,Yes,Yes,No,Yes,
2025-06-06 11:36:02.764376,Nikhil Mishra,STU1068,49,6,56,26.3795873453306,24,4,0.1143810280286125,11.446329828867864,85.78700417362973,Sleeping,7,Angry,Bright,No,Yes,No,Yes,Stable session
2025-06-06 11:21:02.764376,Yug Oberoi,STU1069,26,8,20,7.798083475495081,25,4,0.7422879022754366,5.956204007634386,77.10004178266976,Sleeping,3,Happy,Dim,No,No,Yes,Yes,
2025-06-06 11:06:02.764376,Charvi Verma,STU1070,83,4,48,20.37063968138457,17,4,1.6526422228789832,12.769591735996425,70.40237931623417,Sleeping,7,Happy,Good,Yes,Yes,Yes,No,Observed drop in focus
2025-06-06 10:51:02.764376,Ishaan Chaudhary,STU1071,75,1,17,5.257784770442998,12,1,2.7847644952301454,9.711623802759773,78.92554513712204,Talking,2,Tired,Good,No,Yes,No,No,Stable session
2025-06-06 10:36:02.764376,Ayaan Sekhon,STU1072,39,9,52,16.349788680279822,18,5,1.3278636158824162,4.252849567113866,59.53446258517283,Talking,10,Tired,Bright,No,Yes,No,Yes,Observed drop in focus
2025-06-06 10:21:02.764376,Anaya Joshipura,STU1073,23,7,32,6.540002976756943,10,3,2.9554832505507247,5.04375843079887,83.90417383847091,Phone,6,Neutral,Bright,No,No,Yes,Yes,
2025-06-06 10:06:02.764376,Kiaan Ghosh,STU1074,73,6,20,21.573582919666045,11,4,2.2789975857985927,7.24322850908727,50.19303222265288,Talking,6,Tired,Dim,No,No,Yes,Yes,
2025-06-06 09:51:02.764376,Myra Thakkar,STU1075,58,1,20,9.079770499209692,10,1,1.5466587316916074,13.188375681090417,87.23928179897335,Talking,8,Sad,Good,Yes,No,Yes,No,
2025-06-06 09:36:02.764376,Tanish Tripathi,STU1076,46,6,41,9.084999131600831,16,2,1.015214394776886,13.144956430777407,75.36195561410551,Looking Away,5,Neutral,Dim,Yes,Yes,Yes,Yes,
2025-06-06 09:21:02.764376,Shreya Chaudhary,STU1077,34,9,9,24.223853809800623,17,2,0.1108875742972123,5.691420877290037,69.70226489687082,Talking,4,Angry,Good,No,No,No,No,Observed drop in focus
2025-06-06 09:06:02.764376,Vihaan Bhat,STU1078,28,3,20,27.66501508813181,16,5,1.7054901559428244,8.748574346636378,59.98977590386179,None,6,Sad,Good,No,No,No,No,Observed drop in focus
2025-06-06 08:51:02.764376,Diya Chopra,STU1079,32,8,56,29.39024081580904,17,3,0.6247120902625161,4.137872618934355,77.21351095548074,Sleeping,6,Sad,Bright,Yes,Yes,Yes,No,Observed drop in focus
2025-06-06 08:36:02.764376,Tanya Ahluwalia,STU1080,29,7,6,19.34544676972772,17,5,1.5416897604121067,5.334125581751337,88.51010827786149,Looking Away,2,Angry,Good,Yes,Yes,Yes,Yes,Needs follow-up
2025-06-06 08:21:02.764376,Inaaya Srivastava,STU1081,44,8,14,7.338977414596738,22,5,0.5292307822015796,14.867542989951604,68.86685021910498,Talking,9,Happy,Bright,Yes,Yes,Yes,No,
2025-06-06 08:06:02.764376,Bani Pandey,STU1082,43,3,33,9.285584393140526,28,0,2.311431165642181,13.682486410821662,89.36820323947653,Sleeping,1,Angry,Dim,No,No,Yes,No,
2025-06-06 07:51:02.764376,Ritika Shetty,STU1083,82,9,20,29.98387117666696,23,3,1.3521344996728604,3.0131759575680555,50.42558958241163,Talking,5,Neutral,Good,No,No,No,Yes,Needs follow-up
2025-06-06 07:36:02.764376,Tanish Pandey,STU1084,22,6,24,7.704181814216194,25,0,0.1638329910472849,7.048055267014703,71.89667836997103,None,3,Angry,Good,No,No,No,Yes,Observed drop in focus
2025-06-06 07:21:02.764376,Krishna Sen,STU1085,46,6,33,17.940395973175203,22,5,2.5245800004063104,11.063254873812529,75.14414398110523,None,0,Tired,Good,No,No,Yes,Yes,Needs follow-up
2025-06-06 07:06:02.764376,Tara Karandikar,STU1086,74,1,58,7.713372099208266,21,0,1.861895165759901,7.490357794042496,58.09804348925135,Looking Away,2,Tired,Good,Yes,Yes,No,No,Stable session
2025-06-06 06:51:02.764376,Samar Srivastava,STU1087,28,0,28,28.76512626381969,20,1,1.1018227962443232,3.415388584658934,83.19163825078074,None,6,Tired,Dim,Yes,Yes,No,Yes,Stable session
2025-06-06 06:36:02.764376,Anvi Patel,STU1088,69,0,44,18.56607056205064,25,5,0.1637037600710172,0.110257927659127,69.82395538434328,Phone,7,Neutral,Dim,Yes,No,No,No,Stable session
2025-06-06 06:21:02.764376,Samar Tripathi,STU1089,69,9,47,28.393574219602773,12,3,2.9693682876738823,7.214019467388949,52.881590597946605,Sleeping,3,Tired,Good,No,Yes,No,Yes,Stable session
2025-06-06 06:06:02.764376,Rohan Dubey,STU1090,36,6,34,9.016169704531464,14,1,2.9339252707297336,7.4223354211149,82.44970734211103,None,2,Sad,Dim,No,No,Yes,Yes,Stable session
2025-06-06 05:51:02.764376,Aarohi Parikh,STU1091,40,2,19,11.870807380667127,11,2,2.8019097220942064,10.58120598584608,78.49725753508875,Talking,4,Sad,Bright,No,No,No,No,Needs follow-up
2025-06-06 05:36:02.764376,Varun Verma,STU1092,38,8,8,22.963225559733694,23,2,1.560539114851513,12.01717950333136,74.48644250202186,None,8,Happy,Dim,No,No,Yes,No,Observed drop in focus
2025-06-06 05:21:02.764376,Myra Kotak,STU1093,50,3,39,24.45586475557894,11,5,0.8396087035451505,5.985216269401649,66.15574587389303,None,2,Sad,Dim,No,No,No,Yes,
2025-06-06 05:06:02.764376,Jay Chaudhary,STU1094,68,8,22,11.33665140464667,16,4,2.898500916550052,6.886290200108861,88.26992517677657,Sleeping,1,Sad,Bright,Yes,Yes,Yes,No,Stable session
2025-06-06 04:51:02.764376,Kavya Ahuja,STU1095,37,2,44,13.893465426691543,29,4,2.571893019842188,1.6947310047485664,71.06461132957857,Phone,0,Happy,Bright,No,Yes,Yes,Yes,Observed drop in focus
2025-06-06 04:36:02.764376,Jay Joshi,STU1096,27,0,55,26.329085055144223,11,0,0.3872115521829591,11.096006110233764,67.80298554337698,Sleeping,8,Sad,Dim,Yes,Yes,No,No,Stable session
2025-06-06 04:21:02.764376,Shreya Ahluwalia,STU1097,27,0,38,27.51498218677524,28,2,1.4218033311120597,11.695187928671256,95.60506220887292,Phone,7,Happy,Dim,Yes,Yes,Yes,No,Stable session
2025-06-06 04:06:02.764376,Navya Ghosh,STU1098,72,0,29,27.64540313514584,24,4,1.803758384383916,3.550934027167092,55.76507549962585,Sleeping,4,Neutral,Good,No,No,Yes,Yes,Observed drop in focus
2025-06-06 03:51:02.764376,Muskan Thakkar,STU1099,42,4,59,17.600508155419746,16,0,0.2636028116700933,9.149411987685747,84.45930316332165,Talking,5,Neutral,Good,Yes,No,No,No,
2025-06-06 03:36:02.764376,Tanya Grover,STU1100,35,6,51,8.112935228721334,17,0,2.4440244734547387,11.594760543851477,68.66793635191898,Phone,10,Tired,Dim,No,No,No,Yes,Needs follow-up
2025-06-06 03:21:02.764376,Kunal Yadav,STU1101,67,5,15,26.24714809102139,25,0,1.836549161560173,2.333682166253588,54.0526044392449,Sleeping,9,Sad,Dim,No,Yes,Yes,No,Needs follow-up
2025-06-06 03:06:02.764376,Raj Sinha,STU1102,22,7,25,15.45504022708537,20,3,2.3864801744076893,2.904733564347231,91.09812921110424,None,7,Angry,Good,No,Yes,No,No,Stable session
2025-06-06 02:51:02.764376,Ansh Chitale,STU1103,44,6,25,6.510150912399865,28,5,2.185867334155913,10.706872190178236,66.27652709831762,None,9,Happy,Good,No,No,Yes,Yes,Needs follow-up
2025-06-06 02:36:02.764376,Aadhya Gupta,STU1104,23,4,46,21.90178218649129,25,1,1.2888871938474231,9.08742540225022,97.34502104685124,Looking Away,8,Angry,Bright,No,Yes,Yes,No,Needs follow-up
2025-06-06 02:21:02.764376,Laksh Bhave,STU1105,51,4,46,17.632632502118796,11,5,2.3873488222789296,13.224869992326308,82.64138783070919,Talking,9,Angry,Bright,Yes,Yes,Yes,No,Needs follow-up
2025-06-06 02:06:02.764376,Ira Mitra,STU1106,37,7,9,11.150961751259374,12,5,2.13317793145797,7.395799487215725,87.40056385554456,Phone,6,Angry,Good,No,Yes,Yes,No,Needs follow-up
2025-06-06 01:51:02.764376,Manav Verma,STU1107,58,6,40,19.374681560207883,27,1,2.9155946159252726,4.383816694051721,61.70822010047675,Looking Away,0,Angry,Good,Yes,Yes,No,Yes,
2025-06-06 01:36:02.764376,Neil Motwani,STU1108,20,6,57,10.320004412851407,19,0,1.800353485895082,11.394569525371432,60.63145117177224,Talking,9,Neutral,Good,Yes,Yes,No,Yes,Stable session
2025-06-06 01:21:02.764376,Nivaan Khanna,STU1109,42,4,35,26.31822871958503,28,5,1.8719724658922496,2.803199731452135,79.43387252202646,Talking,6,Tired,Bright,Yes,No,No,No,Needs follow-up
2025-06-06 01:06:02.764376,Aleeza Deshmukh,STU1110,22,9,7,6.053527665276546,25,2,2.0771514902296704,13.191503918132788,78.83443429816396,Talking,3,Neutral,Good,Yes,Yes,Yes,No,Needs follow-up
2025-06-06 00:51:02.764376,Ira Agarwal,STU1111,81,8,18,28.26808803454731,30,4,2.133484732195819,8.405237948224112,56.95563495031425,Talking,2,Sad,Bright,No,No,Yes,Yes,Needs follow-up
2025-06-06 00:36:02.764376,Ishaan Ahluwalia,STU1112,36,3,12,25.30374021756885,12,5,1.475183831796954,2.187402314867131,53.38799628076076,Looking Away,6,Sad,Good,No,Yes,No,No,Observed drop in focus
2025-06-06 00:21:02.764376,Aarohi Ghosh,STU1113,72,6,27,5.814810328124727,11,0,2.3063757582511464,6.01402464819365,50.94954715243066,None,5,Sad,Dim,Yes,No,Yes,No,Observed drop in focus
2025-06-06 00:06:02.764376,Tanmay Tiwari,STU1114,88,5,25,13.841468154324412,23,4,1.003156395453722,9.88964023131122,96.62956709713715,Phone,7,Angry,Good,No,No,Yes,Yes,Needs follow-up
2025-06-05 23:51:02.764376,Aryan Gandhi,STU1115,39,8,34,8.021195484327354,28,2,1.665584538218562,8.033568505368716,82.58804413362137,Phone,5,Sad,Bright,No,No,Yes,No,Needs follow-up
2025-06-05 23:36:02.764376,Jiya Zaveri,STU1116,68,6,49,12.43039957457962,23,0,2.242150767819342,11.961727664864632,89.29610635979459,Looking Away,1,Sad,Dim,Yes,No,Yes,No,Observed drop in focus
2025-06-05 23:21:02.764376,Riya Malhotra,STU1117,79,10,13,22.325273789612915,20,0,1.6887275974867275,8.97852765322453,77.0995689007992,Looking Away,4,Sad,Bright,No,No,No,No,
2025-06-05 23:06:02.764376,Ansh Sharma,STU1118,88,9,6,27.30058754534289,17,4,1.71347110532928,11.289899754758444,59.64394563579359,Looking Away,5,Sad,Bright,Yes,Yes,Yes,No,Observed drop in focus
2025-06-05 22:51:02.764376,Moksh Dalal,STU1119,43,4,32,29.079357752433893,10,1,2.3886319841853414,14.716622043422522,72.28708723522266,Sleeping,7,Sad,Dim,No,No,Yes,No,Stable session
2025-06-05 22:36:02.764376,Aisha Mitra,STU1120,46,3,50,21.259982250936204,11,5,1.8972203640532477,8.85380582553498,69.6985703455843,Talking,6,Neutral,Good,No,No,Yes,No,
2025-06-05 22:21:02.764376,Anaya Chatterjee,STU1121,76,2,18,21.67424745175939,17,5,2.7145510087969,9.358444120367205,94.34046144683644,Talking,6,Angry,Good,Yes,Yes,Yes,No,Needs follow-up
2025-06-05 22:06:02.764376,Shreya Dwivedi,STU1122,58,6,26,15.623806171660627,13,0,2.2801110184156506,12.1368506813027,69.97345500495273,None,10,Sad,Good,No,No,No,Yes,Stable session
2025-06-05 21:51:02.764376,Diya Iyer,STU1123,89,6,12,27.82863035141133,16,0,2.591224318999984,0.1575238481918672,55.835323722747965,None,3,Neutral,Bright,Yes,Yes,Yes,No,Stable session
2025-06-05 21:36:02.764376,Arnav Patel,STU1124,80,7,20,28.055476938029944,20,3,1.5734973550608828,9.160629865717572,87.34917051369834,Phone,1,Sad,Bright,Yes,Yes,Yes,Yes,Observed drop in focus
2025-06-05 21:21:02.764376,Aditya Gill,STU1125,23,3,40,8.930147032355496,27,3,1.661759210745806,0.1843636912985352,55.003009120935886,Talking,2,Angry,Bright,Yes,Yes,No,Yes,
2025-06-05 21:06:02.764376,Aleeza Kumar,STU1126,47,10,45,10.927352080328657,28,1,1.318359807262217,10.973437062665234,96.68405875434468,Sleeping,8,Angry,Bright,No,Yes,Yes,Yes,Needs follow-up
2025-06-05 20:51:02.764376,Laksh Mishra,STU1127,57,4,8,15.76309661714428,27,4,2.863094183564041,13.171594100676751,64.43135785912703,Talking,10,Neutral,Good,Yes,No,Yes,No,Needs follow-up
2025-06-05 20:36:02.764376,Ritika Mehta,STU1128,66,0,37,19.90684036163286,19,3,0.6515792767972126,1.393337433457917,62.00506178363685,None,5,Angry,Good,No,Yes,Yes,No,
2025-06-05 20:21:02.764376,Tanmay Joshi,STU1129,31,1,53,17.06787294018286,10,5,2.519324410059761,14.00491565339864,92.40063897938109,Phone,9,Tired,Good,Yes,Yes,No,No,Stable session
2025-06-05 20:06:02.764376,Parth Chaudhary,STU1130,51,10,39,5.295277163367916,15,2,1.8313386258206952,13.33107930420015,99.49161217703184,Looking Away,8,Neutral,Dim,No,No,Yes,No,Needs follow-up
2025-06-05 19:51:02.764376,Dhriti Iyer,STU1131,43,9,13,17.301408223066154,19,5,0.8624952167926915,2.692613324253854,89.91882187664424,Sleeping,1,Angry,Dim,No,No,No,Yes,Needs follow-up
2025-06-05 19:36:02.764376,Yash Gill,STU1132,79,7,40,17.69642480935356,22,4,1.1308583696299015,8.919205788338648,54.69112510851684,Sleeping,1,Happy,Good,Yes,No,Yes,No,Observed drop in focus
2025-06-05 19:21:02.764376,Kiara Chitale,STU1133,72,1,18,11.501271841160634,17,5,2.930232051676698,8.106161172755453,95.5471488906974,Phone,8,Tired,Bright,Yes,Yes,Yes,No,Observed drop in focus
2025-06-05 19:06:02.764376,Avni Patel,STU1134,86,3,37,17.573274155955232,24,3,1.1457592908010257,7.856350424413386,93.97407568535256,Looking Away,7,Tired,Bright,No,No,No,Yes,
2025-06-05 18:51:02.764376,Myra Talwar,STU1135,28,4,14,26.37081446787497,17,4,1.4704299794921682,6.249026473719249,90.58811851176284,Phone,6,Sad,Good,No,No,No,Yes,Needs follow-up
2025-06-05 18:36:02.764376,Rohan Sen,STU1136,43,8,55,7.785694285970012,11,1,1.914164320576323,6.953913458794628,77.64686317189157,Phone,7,Neutral,Dim,Yes,No,No,Yes,Stable session
2025-06-05 18:21:02.764376,Anaya Sinha,STU1137,57,10,15,22.92986247062385,24,4,2.534359048969877,1.812104999040549,63.11701485207152,Sleeping,7,Angry,Dim,Yes,No,No,Yes,Stable session
2025-06-05 18:06:02.764376,Juhi Jadhav,STU1138,44,3,9,25.459092909749337,18,2,2.119916326446923,14.407307636278109,64.47058582703899,Sleeping,7,Happy,Good,No,No,No,Yes,
2025-06-05 17:51:02.764376,Harshil Chhabra,STU1139,78,9,34,5.546248200177854,23,2,2.8567158572703533,14.660969234692187,79.79991450607952,Sleeping,5,Angry,Bright,Yes,Yes,No,Yes,
2025-06-05 17:36:02.764376,Pranav Bansal,STU1140,63,1,50,19.651942436255936,26,2,2.5971784987755173,7.49176033284218,93.64939281628558,None,2,Sad,Good,No,No,Yes,Yes,Stable session
2025-06-05 17:21:02.764376,Pooja Shah,STU1141,70,10,18,13.365472968559551,24,4,2.8128431525493607,9.188924746579875,76.629837589596,Talking,8,Happy,Dim,Yes,Yes,Yes,No,Observed drop in focus
2025-06-05 17:06:02.764376,Charvi Bose,STU1142,66,10,29,14.820573321946412,12,4,1.7222980260020764,9.011182272250014,97.35230186087637,Talking,10,Tired,Bright,Yes,Yes,Yes,Yes,Observed drop in focus
2025-06-05 16:51:02.764376,Diya Thakkar,STU1143,73,9,36,5.046141914390111,14,3,0.2672644028590288,8.363950577164164,97.80953903720086,Phone,2,Neutral,Dim,Yes,Yes,Yes,No,
2025-06-05 16:36:02.764376,Kriti Yadav,STU1144,63,2,43,13.28850618827976,25,3,0.576477346855893,3.5844442884827603,75.66813987440516,Sleeping,8,Sad,Good,No,No,Yes,Yes,
2025-06-05 16:21:02.764376,Tara Banerjee,STU1145,36,10,32,23.873388717756963,28,2,2.727474174075253,0.9167107022217892,78.64390428141749,None,0,Neutral,Bright,No,No,Yes,No,Observed drop in focus
2025-06-05 16:06:02.764376,Neil Yadav,STU1146,59,6,7,7.93803353944519,30,4,2.1183049136222065,2.1597287919961405,70.07077709661648,Phone,6,Neutral,Dim,Yes,Yes,Yes,Yes,Observed drop in focus
2025-06-05 15:51:02.764376,Yash Salunkhe,STU1147,85,7,54,27.536840432329324,22,2,0.9985053497635736,12.579615692513087,92.44781481375551,Phone,9,Tired,Dim,No,Yes,Yes,Yes,Stable session
2025-06-05 15:36:02.764376,Harshil Mathur,STU1148,83,4,43,11.785603199290508,14,5,2.0191595197995578,11.077399618736871,59.42278634689837,Talking,5,Neutral,Good,No,Yes,No,No,Stable session
2025-06-05 15:21:02.764376,Dev Nair,STU1149,61,4,54,25.736178487819043,19,1,0.1137156209568513,13.543263486570678,82.7173832166873,Talking,0,Happy,Dim,No,No,Yes,Yes,
2025-06-05 15:06:02.764376,Tara Khatri,STU1150,51,7,57,17.107457344281393,13,3,2.3093095097465723,8.292509882407115,75.84088789555258,Looking Away,1,Tired,Dim,No,No,Yes,Yes,
2025-06-05 14:51:02.764376,Vritika Modi,STU1151,33,8,33,21.380802882115457,15,0,2.3796389807103693,8.60739176822078,88.06973019196906,Sleeping,10,Sad,Bright,No,Yes,Yes,Yes,
2025-06-05 14:36:02.764376,Aleeza Dubey,STU1152,26,2,20,8.464871434274002,12,1,1.4273634694296011,6.171796831093922,74.59313786006915,Talking,6,Tired,Bright,Yes,No,No,No,Needs follow-up
2025-06-05 14:21:02.764376,Divya Bansal,STU1153,27,10,41,8.814447198573406,30,3,0.654606363285631,0.6879594145818879,61.95022000517387,Phone,2,Neutral,Bright,Yes,Yes,Yes,Yes,Observed drop in focus
2025-06-05 14:06:02.764376,Kunal Jadhav,STU1154,81,6,34,7.710734011205973,14,1,0.9177735216584532,11.347432292952272,96.84671520402568,Looking Away,7,Angry,Bright,No,No,No,Yes,
2025-06-05 13:51:02.764376,Saanvi Sekhon,STU1155,60,7,39,22.813526476347874,12,5,1.697440112753707,2.3412295435133457,97.54525413317394,Talking,7,Tired,Good,No,Yes,Yes,Yes,Needs follow-up
2025-06-05 13:36:02.764376,Kabir Dewan,STU1156,78,7,52,28.71165254076039,18,0,0.3648448774582129,8.634534714796887,93.53282971418945,Talking,5,Happy,Dim,Yes,No,Yes,Yes,Observed drop in focus
2025-06-05 13:21:02.764376,Arnav Bhat,STU1157,54,10,34,10.58115050970382,16,5,2.204665195931094,13.903767967235256,53.88847459209434,Phone,5,Tired,Good,Yes,Yes,Yes,Yes,Stable session
2025-06-05 13:06:02.764376,Divya Vyas,STU1158,29,0,43,26.451854165823185,25,1,2.998848892621874,2.183285660906427,70.10480160775802,Sleeping,2,Sad,Good,No,No,No,No,Observed drop in focus
2025-06-05 12:51:02.764376,Ira Kapoor,STU1159,90,0,59,17.34986832187931,15,4,0.2878463093964831,13.282843144204648,86.07449215874468,Talking,2,Happy,Bright,Yes,No,Yes,No,Observed drop in focus
2025-06-05 12:36:02.764376,Jiya Grover,STU1160,42,7,33,28.11454464740569,19,4,2.084394170809493,8.394446051118832,91.49503759689968,Looking Away,2,Angry,Dim,Yes,Yes,Yes,No,Observed drop in focus
2025-06-05 12:21:02.764376,Myra Ahuja,STU1161,83,10,60,17.48571021362513,22,0,2.926930741754764,12.048748779143647,87.52936450205243,Looking Away,8,Sad,Dim,No,No,No,Yes,Stable session
2025-06-05 12:06:02.764376,Om Reddy,STU1162,32,3,5,15.279955930453784,14,4,0.346213119206046,6.187022510619581,80.90674046567874,Sleeping,5,Angry,Dim,Yes,No,No,Yes,Observed drop in focus
2025-06-05 11:51:02.764376,Sneha Yadav,STU1163,75,0,13,29.49091753914968,16,5,1.7245477883035991,13.310377047817772,82.93472414866613,None,2,Happy,Dim,No,Yes,Yes,No,
2025-06-05 11:36:02.764376,Aarohi Mehta,STU1164,86,2,27,19.47993744804159,17,5,2.512270355763338,3.941076172566302,68.9438259545004,None,8,Neutral,Bright,Yes,No,No,No,Stable session
2025-06-05 11:21:02.764376,Ritika Banerjee,STU1165,85,10,54,19.72215813511805,27,0,2.955538572853234,3.391315107356832,80.34644081787201,Sleeping,8,Angry,Bright,No,Yes,No,No,Observed drop in focus
2025-06-05 11:06:02.764376,Parth Chandel,STU1166,27,0,27,25.04482480336028,24,5,0.3744784949580546,11.328562088629775,72.73469860467404,Looking Away,10,Tired,Good,No,Yes,Yes,No,Observed drop in focus
2025-06-05 10:51:02.764376,Dhriti Shah,STU1167,23,7,54,20.375591675395636,28,0,0.4776919125311285,10.04128370532285,91.8215173475352,Talking,5,Tired,Bright,No,Yes,Yes,Yes,Stable session
2025-06-05 10:36:02.764376,Avni Kumar,STU1168,88,7,11,7.391282273741682,27,1,2.018873859245939,10.104921289325098,53.61804891038064,Looking Away,2,Sad,Bright,Yes,Yes,Yes,No,Stable session
2025-06-05 10:21:02.764376,Jay Sinha,STU1169,80,2,21,13.790839756773492,13,5,0.7217638532705242,2.361961472793523,61.960013140103584,None,0,Happy,Dim,No,No,Yes,Yes,Stable session
2025-06-05 10:06:02.764376,Trisha Thakur,STU1170,36,8,9,27.00813881217151,27,1,0.8540362310039751,12.485779232234412,91.69260984570629,Looking Away,9,Happy,Dim,Yes,Yes,No,No,Observed drop in focus
2025-06-05 09:51:02.764376,Bani Shah,STU1171,31,9,40,21.481721556974705,11,4,1.1400456216649029,14.584548444197374,78.41237543795324,Phone,2,Happy,Dim,No,No,Yes,No,Needs follow-up
2025-06-05 09:36:02.764376,Nisha Gill,STU1172,22,10,45,22.761437617295755,14,5,2.2288075189838863,0.9118232597891812,59.946253237863466,Talking,7,Sad,Good,Yes,No,No,Yes,Needs follow-up
2025-06-05 09:21:02.764376,Trisha Sanghvi,STU1173,20,7,29,9.905121626759229,26,1,1.932362620154368,1.614782450510504,57.5486601130588,Sleeping,3,Neutral,Dim,No,Yes,Yes,Yes,Observed drop in focus
2025-06-05 09:06:02.764376,Nisha Salunkhe,STU1174,59,8,26,26.099022818344515,23,0,2.665490465762918,10.517808252771632,71.36058849888765,Sleeping,4,Angry,Dim,Yes,No,Yes,Yes,Needs follow-up
2025-06-05 08:51:02.764376,Pihu Dwivedi,STU1175,56,1,47,28.592472596257966,19,2,2.2971060173777915,10.053061402505705,78.57931626350926,Looking Away,9,Neutral,Dim,Yes,No,No,No,Needs follow-up
2025-06-05 08:36:02.764376,Siddharth Dewan,STU1176,64,7,29,11.034508419811424,19,2,0.5940809328145613,12.616321870346486,57.72855468605632,Talking,5,Angry,Bright,Yes,Yes,No,No,Needs follow-up
2025-06-05 08:21:02.764376,Priya Deshmukh,STU1177,53,0,52,27.698535055212066,27,4,2.3983572531497,13.566104595654062,89.61306876339523,Sleeping,9,Neutral,Good,No,Yes,No,Yes,Observed drop in focus
2025-06-05 08:06:02.764376,Avni Jain,STU1178,24,6,34,27.311979039668078,22,3,1.7342797640101435,14.454744182852515,65.85651946965882,Talking,2,Tired,Bright,Yes,Yes,No,Yes,
2025-06-05 07:51:02.764376,Nivaan Chopra,STU1179,24,8,48,12.118206424497869,17,5,0.8142345572203457,6.305989316061948,83.07856126583312,Talking,1,Angry,Good,No,No,No,Yes,
2025-06-05 07:36:02.764376,Simran Joshipura,STU1180,51,4,20,22.083640235262376,30,1,0.1980252604353399,2.5165971752901823,90.04560499359471,None,1,Angry,Bright,Yes,Yes,No,Yes,
2025-06-05 07:21:02.764376,Ishaan Kulkarni,STU1181,90,10,60,10.482443773199158,30,3,1.300408013193057,8.313726912703181,77.21466130021118,Talking,8,Sad,Bright,Yes,No,No,No,Observed drop in focus
2025-06-05 07:06:02.764376,Shaurya Patel,STU1182,75,7,53,6.932213034042476,18,1,2.170260476759021,2.815554097682432,91.54337368810738,Looking Away,3,Tired,Bright,No,Yes,No,No,Needs follow-up
2025-06-05 06:51:02.764376,Kiaan Grover,STU1183,22,6,58,8.342978731988495,20,5,0.1664417395181365,10.672668965099744,74.9015028016748,Sleeping,2,Angry,Dim,Yes,Yes,Yes,No,
2025-06-05 06:36:02.764376,Aarav Ghosh,STU1184,37,1,16,26.716852023641,22,2,2.004655702489312,10.872932610618223,61.5589858998551,None,4,Tired,Good,Yes,No,No,Yes,
2025-06-05 06:21:02.764376,Ishleen Chhabria,STU1185,39,4,50,9.293159369417236,28,2,1.5754828857265812,5.670878487233992,96.72393040892402,Talking,8,Sad,Good,No,Yes,Yes,No,Observed drop in focus
2025-06-05 06:06:02.764376,Divya Bhat,STU1186,34,7,27,15.193116930582736,20,3,2.2333322710540777,2.947975280992428,84.02454268247436,Talking,8,Tired,Good,No,Yes,No,No,Needs follow-up
2025-06-05 05:51:02.764376,Vivaan Reddy,STU1187,62,6,46,16.41250869190401,28,0,2.1172707642608968,5.580602941557568,94.1579910918602,Phone,5,Neutral,Dim,No,Yes,Yes,Yes,Observed drop in focus
2025-06-05 05:36:02.764376,Rudra Bhat,STU1188,88,3,38,9.520849140546032,27,2,0.4293936332067046,14.89255728900782,61.01516308391,None,1,Neutral,Good,No,Yes,No,Yes,Observed drop in focus
2025-06-05 05:21:02.764376,Harshit Ahluwalia,STU1189,46,7,29,25.72472578048933,13,3,1.9635505338169443,6.33551929747267,64.55482259019925,Phone,6,Sad,Good,Yes,No,No,Yes,Observed drop in focus
2025-06-05 05:06:02.764376,Pranav Jadhav,STU1190,54,9,59,14.447859446989328,24,1,1.994905931874153,8.422493163774202,56.4335226913222,Phone,2,Happy,Dim,No,No,Yes,Yes,Observed drop in focus
2025-06-05 04:51:02.764376,Samar Seth,STU1191,67,5,40,17.139077192223397,22,4,0.4301390090364029,7.93238583156672,86.93761314170986,None,10,Neutral,Dim,Yes,No,Yes,No,Observed drop in focus
2025-06-05 04:36:02.764376,Divya Yadav,STU1192,71,4,19,18.17630956484936,25,2,1.7584498907086197,8.138750941311804,81.59366625237216,Looking Away,1,Angry,Good,No,Yes,Yes,No,Observed drop in focus
2025-06-05 04:21:02.764376,Jay Jain,STU1193,23,4,42,20.47586990083571,10,1,2.708336858804864,2.317000534768339,94.63083102339934,Sleeping,9,Happy,Bright,No,Yes,No,No,Observed drop in focus
2025-06-05 04:06:02.764376,Ansh Talwar,STU1194,57,7,15,14.88113998335716,13,3,1.216523883873999,9.526552646922084,60.63746812534785,Phone,2,Angry,Dim,Yes,No,No,Yes,
2025-06-05 03:51:02.764376,Jiya Banerjee,STU1195,67,5,50,29.14684724708812,28,3,1.6190352508910069,0.6053618395333477,57.92696138951329,Phone,10,Angry,Dim,Yes,Yes,Yes,No,Needs follow-up
2025-06-05 03:36:02.764376,Bani Chhabria,STU1196,47,9,25,17.23065370821451,27,3,2.095689952347497,3.418937268340518,96.62143792973995,Phone,2,Angry,Dim,Yes,Yes,No,Yes,
2025-06-05 03:21:02.764376,Raj Kapoor,STU1197,48,7,58,28.321797371508275,22,1,1.595477757265791,0.9649362134747586,63.1980198991897,Looking Away,3,Neutral,Dim,Yes,Yes,No,No,Needs follow-up
2025-06-05 03:06:02.764376,Meera Dubey,STU1198,52,3,5,22.383848721374918,20,5,1.923519568885832,1.543368902987416,54.66507832844816,Sleeping,3,Sad,Good,No,No,Yes,Yes,Needs follow-up
2025-06-05 02:51:02.764376,Juhi Verma,STU1199,50,0,58,11.78610995459916,24,1,1.521249219327964,7.438196781513641,63.28555361420877,Looking Away,2,Angry,Dim,Yes,Yes,Yes,No,Needs follow-up
